PR,estado,creado_utc,lag_min,tipo,directorio,paquete,titulo
1,open,2026-07-04 12:49:27,12,deps,/nginx,nginx,"chore(deps): bump nginx from 1.25-alpine to 1.31-alpine in /nginx"
2,open,2026-07-04 12:49:36,12,deps,/web,node,"chore(deps): bump node from 18-alpine to 26-alpine in /web"
3,open,2026-07-04 12:49:36,12,deps,/backend,node,"chore(deps): bump node from 18-alpine to 26-alpine in /backend"
4,open,2026-07-04 12:49:45,12,deps,/ai-services,python,"chore(deps): bump python from 3.11-slim to 3.14-slim in /ai-services"
5,open,2026-07-04 12:49:46,12,deps,/ai-services,torch,"chore(deps): bump torch from 2.1.1 to 2.12.1 in /ai-services"
6,open,2026-07-04 12:49:49,12,deps,/,actions/download-artifact,"chore(deps): bump actions/download-artifact from 3 to 8"
7,open,2026-07-04 12:49:50,12,deps,/ai-services,spacy,"chore(deps): bump spacy from 3.6.1 to 3.8.14 in /ai-services"
8,open,2026-07-04 12:49:50,12,deps,/ai-services,pytest,"chore(deps): bump pytest from 7.4.3 to 9.1.1 in /ai-services"
9,open,2026-07-04 12:49:53,12,deps,/backend,@opentelemetry/resources,"chore(deps): bump @opentelemetry/resources from 2.2.0 to 2.9.0 in /backend"
10,open,2026-07-04 12:49:53,12,deps,/,actions/setup-python,"chore(deps): bump actions/setup-python from 4 to 6"
11,open,2026-07-04 12:49:54,12,deps,/ai-services,librosa,"chore(deps): bump librosa from 0.10.1 to 0.11.0 in /ai-services"
12,open,2026-07-04 12:49:54,12,deps-dev,/web,cypress,"chore(deps-dev): bump cypress from 13.17.0 to 15.18.0 in /web"
13,open,2026-07-04 12:49:56,12,deps,/ai-services,fakeredis,"chore(deps): bump fakeredis from 2.20.1 to 2.36.2 in /ai-services"
14,open,2026-07-04 12:49:56,12,deps,/ai-services,factory-boy,"chore(deps): bump factory-boy from 3.3.0 to 3.3.3 in /ai-services"
15,open,2026-07-04 12:49:56,12,deps,/,sigstore/cosign-installer,"chore(deps): bump sigstore/cosign-installer from 3.7.0 to 4.1.2"
16,open,2026-07-04 12:49:57,12,deps,/web,react-window,"chore(deps): bump react-window from 1.8.11 to 2.2.7 in /web"
17,open,2026-07-04 12:49:59,13,deps-dev,/backend,prettier,"chore(deps-dev): bump prettier from 3.6.2 to 3.9.4 in /backend"
18,open,2026-07-04 12:50:00,13,deps,/,actions/cache,"chore(deps): bump actions/cache from 3 to 6"
19,open,2026-07-04 12:50:01,13,deps,/,actions/upload-artifact,"chore(deps): bump actions/upload-artifact from 3 to 7"
20,open,2026-07-04 12:50:03,13,deps,/,azure/setup-kubectl,"chore(deps): bump azure/setup-kubectl from 3 to 5"
21,open,2026-07-04 12:50:03,13,deps-dev,/web,isomorphic-dompurify,"chore(deps-dev): bump isomorphic-dompurify from 2.33.0 to 3.18.0 in /web"
22,open,2026-07-04 12:50:05,13,deps,/backend,@opentelemetry/auto-instrumentations-node,"chore(deps): bump @opentelemetry/auto-instrumentations-node from 0.67.2 to 0.78.0 in /back"
23,open,2026-07-04 12:50:08,13,deps,/backend,messagebird,"chore(deps): bump messagebird from 3.8.1 to 4.0.1 in /backend"
24,open,2026-07-04 12:50:09,13,deps,/mobile/medical-app,@radix-ui/react-avatar,"chore(deps): bump @radix-ui/react-avatar from 1.1.2 to 1.2.1 in /mobile/medical-app"
25,open,2026-07-04 12:50:09,13,deps,/web,react-dom,"chore(deps): bump react-dom from 18.3.1 to 19.2.7 in /web"
26,open,2026-07-04 12:50:12,13,deps-dev,/web,@testing-library/react,"chore(deps-dev): bump @testing-library/react from 14.3.1 to 16.3.2 in /web"
27,open,2026-07-04 12:50:15,13,deps,/backend,@opentelemetry/semantic-conventions,"chore(deps): bump @opentelemetry/semantic-conventions from 1.38.0 to 1.41.1 in /backend"
28,open,2026-07-04 12:50:18,13,deps,/mobile/medical-app,@capacitor/haptics,"chore(deps): bump @capacitor/haptics from 6.0.2 to 6.0.3 in /mobile/medical-app"
29,open,2026-07-04 12:50:20,13,deps,/web,react,"chore(deps): bump react from 18.3.1 to 19.2.7 in /web"
30,open,2026-07-04 12:50:21,13,deps,/backend,express,"chore(deps): bump express and @types/express in /backend"
31,open,2026-07-04 12:50:26,13,deps,/backend,multer,"chore(deps): bump multer and @types/multer in /backend"
32,open,2026-07-04 12:50:28,13,deps,/backend,swagger-jsdoc,"chore(deps): bump swagger-jsdoc from 6.2.8 to 6.3.0 in /backend"
33,open,2026-07-04 12:50:28,13,deps,/web,react-leaflet,"chore(deps): bump react-leaflet from 4.2.1 to 5.0.0 in /web"
34,open,2026-07-04 12:50:32,13,deps,/web,recharts,"chore(deps): bump recharts from 3.5.0 to 3.9.2 in /web"
35,open,2026-07-04 12:50:34,13,deps,/backend,morgan,"chore(deps): bump morgan from 1.10.1 to 1.11.0 in /backend"
36,open,2026-07-04 12:50:36,13,deps-dev,/web,jest-junit,"chore(deps-dev): bump jest-junit from 16.0.0 to 17.0.0 in /web"
37,open,2026-07-04 12:50:37,13,deps-dev,/backend,eslint,"chore(deps-dev): bump eslint from 8.57.1 to 10.6.0 in /backend"
38,open,2026-07-04 12:50:40,13,deps,/mobile/medical-app,@radix-ui/react-collapsible,"chore(deps): bump @radix-ui/react-collapsible from 1.1.2 to 1.1.15 in /mobile/medical-app"
39,open,2026-07-04 12:50:43,13,deps,/mobile/medical-app,@radix-ui/react-toggle,"chore(deps): bump @radix-ui/react-toggle from 1.1.1 to 1.1.13 in /mobile/medical-app"
40,open,2026-07-04 12:50:44,13,deps-dev,/web,jest-axe,"chore(deps-dev): bump jest-axe from 8.0.0 to 10.0.0 in /web"
41,open,2026-07-04 12:51:04,14,deps,/mobile/medical-app,@radix-ui/react-select,"chore(deps): bump @radix-ui/react-select from 2.1.4 to 2.3.2 in /mobile/medical-app"
42,open,2026-07-04 12:51:04,14,deps-dev,/mobile/medical-app,jest-environment-jsdom,"chore(deps-dev): bump jest-environment-jsdom from 29.7.0 to 30.4.1 in /mobile/medical-app"
